{
	"name": "MT-lib-ex",
	"version": "0.0.3",
	"title": "Midnighttigger's Library External",
	"author": "Midnighttigger",
	"dependencies": [
	"MT-lib",
	"base",
	"? space-age",
	"? enable-all-feature-flags",
	"(?) burner-everything",
	"(?) planet-arrakis",
	"(?) erm_toss",
	"(?) erm_zerg",
	"(?) terrapalus",
	"(?) maraxsis",
	"(?) tenebris",
	"(?) Factorio-Tiberium",
	"(?) Cerys-Moon-of-Fulgora",
	"(?) planet-muluna",
	"(?) naufulglebunusilo",
	"(?) kry-all-planet-mods",
	"(?) factorissimo-2-notnotmelon",
	"(?) Better_Starmap_Background",
	"(?) Starmap_Nexuz",
	"(?) nexuz_rearrange",
	"(?) Starmap_Three_Body",
	"(?) Starmap_Solar_System",
	"(?) real-starry-universe",
	"(?) xiuxian",
	"(?) slp-dyson-sphere-reworked",
	"(?) Tiered-Solar-System",
	"(?) PlanetsLib"
	],
	"description": "End of data stage type stuff for MT-lib, aka allowing more prototype property defining",
	"factorio_version": "2.0"
}